{
  "exact_match": 0.041666666666666664,
  "recall@1": 0.041666666666666664,
  "recall@3": 0.125,
  "recall@5": 0.16666666666666666,
  "precision@1": 0.041666666666666664,
  "precision@3": 0.041666666666666664,
  "precision@5": 0.03333333333333333,
  "mrr": 0.09375,
  "total_queries": 24
}