{
  "exact_match": 0.08333333333333333,
  "recall@1": 0.08333333333333333,
  "recall@3": 0.08333333333333333,
  "recall@5": 0.08333333333333333,
  "precision@1": 0.08333333333333333,
  "precision@3": 0.027777777777777776,
  "precision@5": 0.016666666666666666,
  "mrr": 0.08333333333333333,
  "total_queries": 24
}