{
  "exact_match": 0.125,
  "recall@1": 0.125,
  "recall@3": 0.16666666666666666,
  "recall@5": 0.3333333333333333,
  "precision@1": 0.125,
  "precision@3": 0.05555555555555555,
  "precision@5": 0.06666666666666667,
  "mrr": 0.18541666666666667,
  "total_queries": 24
}