{
  "exact_match": 0.16666666666666666,
  "recall@1": 0.16666666666666666,
  "recall@3": 0.3333333333333333,
  "recall@5": 0.4166666666666667,
  "precision@1": 0.16666666666666666,
  "precision@3": 0.1111111111111111,
  "precision@5": 0.08333333333333333,
  "mrr": 0.2548611111111111,
  "total_queries": 24
}